customer_id,name
1,John Castro
2,Holly Valenzuela DDS
3,Michael Lester
4,Susan Santiago
5,Alexander Brewer
6,Emily Clark
7,John Brown
8,Joyce Smith
9,Marcus Wilson
10,Stacy Lewis
11,John White
12,Andrea Watson
13,Dr. Veronica Gross
14,David Hull
15,Austin Lopez
16,Matthew Randall
17,Aaron Todd
18,Jeffrey Barnes
19,Sandra Norris
20,Anita Chavez
21,Haley Neal
22,Angela Dunn
23,Rebecca Mahoney
24,Abigail Keller
25,Jessica Miller
26,Ian Valencia
27,Richard Wise
28,Terry Edwards
29,Jessica Farrell
30,Carolyn Jones
31,Raymond Cook
32,Michael Dennis
33,Kim Cox
34,John Turner
35,Rodney Robinson
36,Robert Keller
37,Joshua Newman
38,Stacy Knapp
39,Laura Vasquez
40,Daniel Ramos
41,Zachary Peterson
42,Angela Mercer
43,Shannon Reese
44,Brian Schneider
45,Amy Kemp
46,Kristi Delgado
47,Mario Smith
48,Laura Chambers
49,Jennifer Mercado
50,Catherine Smith
51,Jorge Navarro
52,Tiffany Price
53,Jonathan Buck
54,Angelica Moss
55,Joan Jackson
56,Daniel Cook
57,Shane Davis
58,Latoya Bentley
59,Wendy Young
60,Angela Garrett
61,David Smith
62,Timothy Randall
63,Andrew Reeves
64,David Ellis
65,Renee Payne
66,Kelly Martin
67,Tyler Baker
68,Sandy Diaz
69,Justin Ferguson
70,Cheyenne Walker
71,Daisy Castro
72,Matthew Fields
73,Jessica Watson
74,Ashley Greene
75,Tiffany Johnson
76,Jordan Castillo
77,Jessica Thompson
78,Nicole May
79,Carol Hunt
80,Melissa Love
81,Susan Williams
82,Eddie Alexander
83,David Lane
84,Micheal Myers
85,Anthony Campbell
86,Angelica Morgan
87,Karen Carpenter
88,Ryan George
89,Connie Garcia
90,Maureen Wilkinson
91,Jacqueline Schwartz
92,David Weiss
93,Shelby Jackson
94,Christine Bishop
95,Julia Anderson
96,Kendra Logan
97,Katie Alexander
98,Rachel Brewer
99,Anita Miller
100,Joshua Holmes
